{"song_time": [20.16039776802063, 22.608396530151367, 16.82548427581787, 19.04598641395569, 20.702970027923584], "words_len_list": [1459, 1643, 1240, 1490, 1518], "ave token time:": 73.98591357354033, "ave song time": 19.868647003173827}